{
  "type": "FeatureCollection",
  "features": [
    {
      "type": "Feature",
      "id": 1,
      "geometry": {
        "type": "Point",
        "coordinates": [
          56.091944444444444,
          54.26583333333333
        ]
      },
      "properties": {
        "name": "Государственное бюджетное учреждение Реабилитационный центр для детей и подростков с ограниченными возможностями здоровья г.Нефтекамска Республики Башкортостан",
        "address": "452689, Р.Б., г. Нефтекамск, ул. Дзержинского, д. 30",
        "website": "https://rcneftekamsk.bashkortostan.ru/",
        "phone": "8(34783)30236",
        "rehab_form": "стационар, амбулаторно",
        "age_group": "0-18",
        "accessibility": "да",
        "profile": "ЦРГ 1-12\nОВЗ",
        "services": "Социально-бытовые\nсоциально-медицинские\nсоциально-психологические\nсоциально-педагогические\nсоциально-трудовые\nсоциально-правовые\nуслуги в целях повышения коммуникативного потенциала получателей социальных услуг",
        "specialists": "Врач-педиатр\nмедицинская сестра\nмедсестра по массажу\nмедсестра по физиотерапии\nинструктор ЛФК\nвоспитатель\nсоциальный педагог\nпедагог-психолог\nпедагог-организатор\nучитель-логопед\nучитель-дефектолог\nинструктор по труду\nинструктор ФК\nспециалист по социальной работе",
        "description": "-.",
        "vedomstva": "Министерство семьи, труда и социальной защиты населения Р.Б.",
        "podvedomstva": "-",
        "svo": "Нет"
      }
    },
    {
      "type": "Feature",
      "id": 2,
      "geometry": {
        "type": "Point",
        "coordinates": [
          56.00111111111111,
          55.92722222222222
        ]
      },
      "properties": {
        "name": "Филала реабилитации в Балтачевском районе",
        "address": "452980, Р.Б., Балтачевский район, с.Старобалтачево, ул. Школьная, д. 2/1",
        "website": "https://rcneftekamsk.bashkortostan.ru/",
        "phone": "8(34753)20485",
        "rehab_form": "стационар, амбулаторно",
        "age_group": "0-18",
        "accessibility": "да",
        "profile": "ЦРГ 1-12\nОВЗ",
        "services": "Социально-бытовые\nсоциально-медицинские\nсоциально-психологические\nсоциально-педагогические\nсоциально-трудовые\nсоциально-правовые\nуслуги в целях повышения коммуникативного потенциала получателей социальных услуг",
        "specialists": "Врач-педиатр\nмедицинская сестра\nмедсестра по массажу\nмедсестра по физиотерапии\nинструктор ЛФК\nвоспитатель\nсоциальный педагог\nпедагог-психолог\nпедагог-организатор\nучитель-логопед\nинструктор по труду\nспециалист по социальной работе",
        "description": "-.",
        "vedomstva": "Министерство семьи, труда и социальной защиты населения Р.Б.",
        "podvedomstva": "-",
        "svo": "Нет"
      }
    },
    {
      "type": "Feature",
      "id": 3,
      "geometry": {
        "type": "Point",
        "coordinates": [
          56.003055555555555,
          54.51972222222222
        ]
      },
      "properties": {
        "name": "Филала реабилитации в Калтасинском районе",
        "address": "452878, Р.Б., Калтасинский район, с.Кутерем, ул. Нефтяников, д. 33",
        "website": "https://rcneftekamsk.bashkortostan.ru/",
        "phone": "8(34779)46100",
        "rehab_form": "стационар, амбулаторно",
        "age_group": "0-18",
        "accessibility": "да",
        "profile": "ЦРГ 1-12\nОВЗ",
        "services": "Социально-бытовые\nсоциально-медицинские\nсоциально-психологические\nсоциально-педагогические\nсоциально-трудовые\nсоциально-правовые\nуслуги в целях повышения коммуникативного потенциала получателей социальных услуг",
        "specialists": "Врач-педиатр\nмедицинская сестра\nмедсестра по массажу\nмедсестра по физиотерапии\nинструктор ЛФК\nвоспитатель\nсоциальный педагог\nпедагог-психолог\nпедагог-организатор\nучитель-логопед\nинструктор по труду\nспециалист по социальной работе",
        "description": "-.",
        "vedomstva": "Министерство семьи, труда и социальной защиты населения Р.Б.",
        "podvedomstva": "-",
        "svo": "Нет"
      }
    },
    {
      "type": "Feature",
      "id": 4,
      "geometry": {
        "type": "Point",
        "coordinates": [
          56.290277777777774,
          55.85388888888889
        ]
      },
      "properties": {
        "name": "Филиал реабилитации в Татышлинском районе",
        "address": "452830, Р.Б., Татышлинский район, с.Верхние Татышлы, ул. Комарова, д. 26",
        "website": "https://rcneftekamsk.bashkortostan.ru/",
        "phone": "8(34778)35303",
        "rehab_form": "стационар, амбулаторно",
        "age_group": "0-18",
        "accessibility": "да",
        "profile": "ЦРГ 1-12\nОВЗ",
        "services": "Социально-бытовые\nсоциально-медицинские\nсоциально-психологические\nсоциально-педагогические\nсоциально-трудовые\nсоциально-правовые\nуслуги в целях повышения коммуникативного потенциала получателей социальных услуг",
        "specialists": "Врач-педиатр\nмедицинская сестра\nмедсестра по массажу\nмедсестра по физиотерапии\nинструктор ЛФК\nвоспитатель\nсоциальный педагог\nпедагог-психолог\nучитель-логопед\nинструктор по труду\nспециалист по социальной работе",
        "description": "-.",
        "vedomstva": "Министерство семьи, труда и социальной защиты населения Р.Б.",
        "podvedomstva": "-",
        "svo": "Нет"
      }
    },
    {
      "type": "Feature",
      "id": 5,
      "geometry": {
        "type": "Point",
        "coordinates": [
          56.275,
          54.933611111111105
        ]
      },
      "properties": {
        "name": "Отделение реабилитации в Янаульском районе и г.Янаул",
        "address": "452800, Р.Б., г. Янаул, ул. Советская, д. 21",
        "website": "https://rcneftekamsk.bashkortostan.ru/",
        "phone": "8(34760)52493",
        "rehab_form": "амбулаторно",
        "age_group": "0-18",
        "accessibility": "да",
        "profile": "ЦРГ 1-12\nОВЗ",
        "services": "Социально-бытовые\nсоциально-медицинские\nсоциально-психологические\nсоциально-педагогические\nсоциально-трудовые\nсоциально-правовые\nуслуги в целях повышения коммуникативного потенциала получателей социальных услуг",
        "specialists": "Врач-педиатр\nмедицинская сестра\nмедсестра по массажу\nмедсестра по физиотерапии\nсоциальный педагог\nпедагог-психолог\nучитель-логопед\nинструктор по труду\nинструктор ФК\nкульторганизатор\nспециалист по социальной работе",
        "description": "-.",
        "vedomstva": "Министерство семьи, труда и социальной защиты населения Р.Б.",
        "podvedomstva": "-",
        "svo": "Нет"
      }
    },
    {
      "type": "Feature",
      "id": 6,
      "geometry": {
        "type": "Point",
        "coordinates": [
          52.748816,
          55.794237
        ]
      },
      "properties": {
        "name": "Государственное автономное учреждение социального обслуживания населения Реабилитационный центр для детей и подростков с ограниченными возможностями здоровья города Кумертау",
        "address": "453300, Р.Б., г. Кумертау, ул. Советская, д. 1а",
        "website": "https://rrckumertau.bashkortostan.ru/",
        "phone": "8(34761)41166",
        "rehab_form": "круглосуточный стационар",
        "age_group": "0-18",
        "accessibility": "да",
        "profile": "Раняя помощь для детей от 0 до 3 лет\nреабилитация и абилитация детей инвалидов\nреабилитация детей с ограниченными возможностями здоровья",
        "services": "Социально-бытовые\nсоциально-медицинские\nсоциально-психологические\nсоциально-педагогические\nсоциально-трудовые\nсоциально-правовые\nв целях повышения коммуникативного потенциала",
        "specialists": "врач-педиатр\nврач-невролог\nврач-ортопед\nврач-отоларинголог\nврач-физиотерапевт\nмедицинская сестра\nмедицинская сестра по физиотерапии\nмедицинская сестра по массажу\nмедицинская сестра диетическая\nучитель-дефектолог\nлогопед\nпсихолог в социальной сфере\nинструктор-методист по адаптивной физической культуре\nспециалист по социальной работе\nспециалист по комплексной реабилитации(реабилитолог)\nняня",
        "description": "-.",
        "vedomstva": "Министерство семьи, труда и социальной защиты населения Р.Б.",
        "podvedomstva": "-",
        "svo": "Нет"
      }
    }

    ,
    {
      "type": "Feature",
      "id": 7,
      "geometry": {
        "type": "Point",
        "coordinates": [
          53.520371,
          55.917872
        ]
      },
      "properties": {
        "name": "филиал реабилитации детей и подростков с ограниченными возможностями здоровья в Стерлитамакском районе Республики Башкортостан",
        "address": "453140, Р.Б., Стерлитамакский район, с.Наумовка, ул. Ленина д. 14",
        "website": "https://rrckumertau.bashkortostan.ru/",
        "phone": "8(3473)274237",
        "rehab_form": "круглосуточный стационар",
        "age_group": "0-18",
        "accessibility": "да",
        "profile": "реабилитация и абилитация детей инвалидов\nреабилитация детей с ограниченными возможностями здоровья",
        "services": "Социально-бытовые\nсоциально-медицинские\nсоциально-психологические\nсоциально-педагогические\nсоциально-трудовые\nсоциально-правовые\nв целях повышения коммуникативного потенциала",
        "specialists": "врач-педиатр\nврач-невролог\nмедицинская сестра\nмедицинская сестра по физиотерапии\nмедицинская сестра по массажу\nучитель-дефектолог\nлогопед\nинструктор-методист по адаптивной физической культуре\nспециалист по социальной работе\nспециалист по комплексной реабилитации(реабилитолог)\nняня",
        "description": "-.",
        "vedomstva": "Министерство семьи, труда и социальной защиты населения Р.Б.",
        "podvedomstva": "-",
        "svo": "Нет"
      }
    }
    ,
    {
      "type": "Feature",
      "id": 8,
      "geometry": {
        "type": "Point",
        "coordinates": [
          53.437137,
          55.262488
        ]
      },
      "properties": {
        "name": "филиал реабилитации детей и подростков с ограниченными возможностями здоровья в Стерлибашевском районе Республики Башкортостан",
        "address": "453180, Р.Б., Стерлибашевский район",
        "website": "https://rrckumertau.bashkortostan.ru/",
        "phone": "8(34739)22882",
        "rehab_form": "круглосуточный стационар",
        "age_group": "0-18",
        "accessibility": "да",
        "profile": "реабилитация и абилитация детей инвалидов\nреабилитация детей с ограниченными возможностями здоровья",
        "services": "Социально-бытовые\nсоциально-медицинские\nсоциально-психологические\nсоциально-педагогические\nсоциально-трудовые\nсоциально-правовые\nв целях повышения коммуникативного потенциала",
        "specialists": "врач-педиатр\nмедицинская сестра\nмедицинская сестра по физиотерапии\nмедицинская сестра по массажу\nучитель-дефектолог\nлогопед\nинструктор-методист по адаптивной физической культуре\nспециалист по социальной работе\nспециалист по комплексной реабилитации(реабилитолог)\nняня",
        "description": "-.",
        "vedomstva": "Министерство семьи, труда и социальной защиты населения Р.Б.",
        "podvedomstva": "-",
        "svo": "Нет"
      }
    }
    ,
    {
      "type": "Feature",
      "id": 9,
      "geometry": {
        "type": "Point",
        "coordinates": [
          54.713954,
          55.964207
        ]
      },
      "properties": {
        "name": "Государственное бюджетное учреждение Реабилитационный центр для детей и подростков с ограниченными возможностями здоровья городского округа город Уфа Республики Башкортостан",
        "address": "Р.Б., 450057, Р.Б., г. Уфа,ул. Октябрьской революции, д. 73/1, 450057, Р.Б., г. Уфа, ул. Октябрьской революции, 73/1",
        "website": "https://rcufa.bashkortostan.ru/",
        "phone": "8(347)2730934",
        "rehab_form": "дневной, стационар (по заездно)",
        "age_group": "0-18",
        "accessibility": "да",
        "profile": "Дети с ОВЗ\nдети с установленной инвалидностью\nнозология: все группы нозологии\nкроме Приказ Министерства труда и социальной защиты Российской Федерации от 11.10.2023 № 763н (противопоказания к реабилитации)\nвсе виды ЦРГ 1-13",
        "services": "1. социально-бытовые\n2. социально-медицинские\n3. социально-психологические\n4. социально-педагогические\n5. социально-трудовые\n6. социально-правовые\n7. услуги в целях повышения коммуникативного потенциала",
        "specialists": "врач-педиатр\nврач-невролог\nврач-физиотерапевт\nинструктор по АФК и ЛФК\nмедсестра по массажу\nмедстестра по физиотерапии\nпедагог-психолог\nучитель-дефектолог\nлогопед\nинструктор по труду\nсоциальный педагог\nспециалист по социальной работе",
        "description": "-.",
        "vedomstva": "Министерство семьи, труда и социальной защиты населения Р.Б.",
        "podvedomstva": "-",
        "svo": "Нет"
      }
    }
    ,
    {
      "type": "Feature",
      "id": 10,
      "geometry": {
        "type": "Point",
        "coordinates": [
          54.696527,
          55.827798
        ]
      },
      "properties": {
        "name": "Государственное бюджетное учреждение Реабилитационный центр для детей и подростков с ограниченными возможностями здоровья городского округа город Уфа Республики Башкортостан (Отделение медико-социальной реабилитации и психолого-педагогической помощи)",
        "address": "Р.Б., 450057, Р.Б., г. Уфа,ул. Октябрьской революции, 73/1, 450095, Р.Б., г. Уфа, ул. Рядовая, д. 14",
        "website": "https://rcufa.bashkortostan.ru/",
        "phone": "8(347)2731678",
        "rehab_form": "дневной",
        "age_group": "0-18",
        "accessibility": "да",
        "profile": "Дети с ОВЗ\nдети с установленной инвалидностью\nнозология: все группы нозологии\nкроме Приказ Министерства труда и социальной защиты Российской Федерации от 11.10.2023 № 763н (противопоказания к реабилитации)\nвсе виды ЦРГ 1-13",
        "services": "1. социально-бытовые\n2. социально-медицинские\n3. социально-психологические\n4. социально-педагогические\n5. социально-трудовые\n6. социально-правовые\n7. услуги в целях повышения коммуникативного потенциала",
        "specialists": "врач-педиатр\nврач-невролог\nврач-физиотерапевт\nинструктор по АФК и ЛФК\nмедсестра по массажу\nмедстестра по физиотерапии\nпедагог-психолог\nучитель-дефектолог\nлогопед\nинструктор по труду\nсоциальный педагог\nспециалист по социальной работе",
        "description": "-.",
        "vedomstva": "Министерство семьи, труда и социальной защиты населения Р.Б.",
        "podvedomstva": "-",
        "svo": "Нет"
      }
    }
    ,
    {
      "type": "Feature",
      "id": 11,
      "geometry": {
        "type": "Point",
        "coordinates": [
          54.71021033998712,
          56.01648952428414
        ]
      },
      "properties": {
        "name": "Государственное автономное учреждение Республиканский реабилитационный центр \"Салют\"",
        "address": "450080, Р.Б., г. Уфа, ул.Авроры 18/2, д.",
        "website": "https://bashrrc.bashkortostan.ru/",
        "phone": "88007878888",
        "rehab_form": "амбулаторно,стационар",
        "age_group": "0-18",
        "accessibility": "да",
        "profile": "ЦРГ 1-12\nОВЗ",
        "services": "Социально-бытовые, социально-медицинские, социально-психологические, социально-педагогические, социально-трудовые, социально-правовые, услуги в целях повышения коммуникативного потенциала получателей социальных услуг (проведение первичного медицинского осмотра\nконсультирование по социально-медицинским вопросам (поддержание и сохранение здоровья получателей социальных услуг)\nпроведение лечебно-оздоровительных мероприятий:проведение массажа, физиотерапии, механотерапии, кинезотерапии (аквакинезотерапии)\nпроведение занятий по лечебной физической культуре, проведение занятий по адаптивной физическoй культуре, проведение иппотерапии, обучение членов семьи основам социально-медицинских знаний для проведения реабилитационных или абилитационных мероприятий в домашних условиях, психологические тренинги, социально-психологическое консультирование, в том числе по вопросам внутрисемейных отношений\nосуществление психологической диагностики и коррекции поведения получателей социальных услуг, занятия в сенсорной комнате, организация помощи родителям или законным представителям детей-инвалидов, воспитываемых дома, в обучении таких детей навыкам самообслуживания, общения и контроля, направленных на развитие личности, социально-педагогическая коррекция, включая диагностику и консультирование получателей: логопедический массаж, осуществление коррекции речевых расстройств, артикуляционная гимнастика, социально-педагогическое консультирование, развитие мелкой моторики\nОрганизация досуга и отдыха получателей социальных услуг, в том числе организация и проведение клубной и кружковой работы: художественное творчество получателя социальных услуг,музыкальное развитие получателя,прикладное искусство, консультирование детей, находящихся на социальном обслуживании, по вопросам жизненного устройства и выбoра профессии, обучение инвалидов (детей- инвалидов) пользовaнию средствами ухода и техническими средствами реабилитации, обучение навыкам поведения в быту и общественных местах, в том числе организация участия получателя социальных услуг в спортивно-оздоровительных, массовых мероприятиях)",
        "specialists": "врач-педиатр\nврач-физиотерапевт\nврач-невролог\nврач-травматолог-ортопед\nмедицинская сестра\nмедицинская сестра по массажу\nмедицинская сестра по физиотерапии\nинструктор по лечебной физкультуре\nинструктор-методист по адаптивной физической культуре\nспециалисты по комплексной реабилитации  (логопед\nдефектолог\nпсихолог\nнейропсихолог\nпсихолог -профориентолог\nпедагог сенсорной интеграции\nэрготерапевт\nарт-терапевты)\nспециалисты по социальной работе",
        "description": "-.",
        "vedomstva": "Министерство семьи, труда и социальной защиты населения Р.Б.",
        "podvedomstva": "-",
        "svo": "Нет"
      }
    }
    ,
    {
      "type": "Feature",
      "id": 12,
      "geometry": {
        "type": "Point",
        "coordinates": [
          54.10586949631744,
          54.10571774015365
        ]
      },
      "properties": {
        "name": "Отделение реабилитации детей и подростков с ограниченными возможностями здоровья в Белебеевском районе и г. Белебей Республики Башкортостан",
        "address": "452000, Р.Б., г. Белебей, ул. Им.в.и.ленина, д. 3",
        "website": "https://bashrrc.bashkortostan.ru/",
        "phone": "8(34786)30078\n8(34786)43816",
        "rehab_form": "амбулаторно",
        "age_group": "0-18",
        "accessibility": "да",
        "profile": "ЦРГ 1-12\nОВЗ",
        "services": "Социально-бытовые\nсоциально-медицинские\nсоциально-психологические\nсоциально-педагогические\nсоциально-трудовые\nсоциально-правовые\nуслуги в целях повышения коммуникативного потенциала получателей социальных услуг",
        "specialists": "медицинская сестра\nмедицинская сестра по массажу\nмедицинская сестра по физиотерапии\nинструктор по лечебной физкультуре\nспециалисты по комплексной реабилитации\nспециалисты по социальной работе",
        "description": "-.",
        "vedomstva": "Министерство семьи, труда и социальной защиты населения Р.Б.",
        "podvedomstva": "-",
        "svo": "Нет"
      }
    }
    ,
    {
      "type": "Feature",
      "id": 13,
      "geometry": {
        "type": "Point",
        "coordinates": [
          55.41691303619893,
          55.550194153711836
        ]
      },
      "properties": {
        "name": "Отделение реабилитации детей и подростков с ограниченными возможностями здоровья в Бирском районе и г. Бирск Республики Башкортостан",
        "address": "452450, Р.Б., г. Бирск, ул. Маяковского 35 А, д.",
        "website": "https://bashrrc.bashkortostan.ru/",
        "phone": "8(34784)31430",
        "rehab_form": "амбулаторно",
        "age_group": "0-18",
        "accessibility": "да",
        "profile": "ЦРГ 1-12\nОВЗ",
        "services": "Социально-бытовые\nсоциально-медицинские\nсоциально-психологические\nсоциально-педагогические\nсоциально-трудовые\nсоциально-правовые\nуслуги в целях повышения коммуникативного потенциала получателей социальных услуг",
        "specialists": "медицинская сестра\nмедицинская сестра по массажу\nмедицинская сестра по физиотерапии\nинструктор по лечебной физкультуре\nспециалисты по комплексной реабилитации ( нейропсихолог\nпсихолог\nсоциальный педагог\nмастер производственного обучения)\nспециалисты по социальной работе",
        "description": "-.",
        "vedomstva": "Министерство семьи, труда и социальной защиты населения Р.Б.",
        "podvedomstva": "-",
        "svo": "Нет"
      }
    }
    ,
    {
      "type": "Feature",
      "id": 14,
      "geometry": {
        "type": "Point",
        "coordinates": [
          54.564596278021824,
          54.51174905634979
        ]
      },
      "properties": {
        "name": "Отделение реабилитации детей и подростков с ограниченными возможностями здоровья в Буздякском районе Республики Башкортостан",
        "address": "452710, Р.Б., Буздякский район, с. Буздяк, ул. Социалистическая, д. 2",
        "website": "https://bashrrc.bashkortostan.ru/",
        "phone": "8(34773)33516",
        "rehab_form": "амбулаторно",
        "age_group": "0-18",
        "accessibility": "да",
        "profile": "ЦРГ 1-12\nОВЗ",
        "services": "Социально-бытовые\nсоциально-медицинские\nсоциально-психологические\nсоциально-педагогические\nсоциально-трудовые\nсоциально-правовые\nуслуги в целях повышения коммуникативного потенциала получателей социальных услуг",
        "specialists": "медицинская сестра\nмедицинская сестра по массажу\nмедицинская сестра по физиотерапии\nинструктор по лечебной физкультуре\nспециалисты по комплексной реабилитации\nспециалисты по социальной работе",
        "description": "-.",
        "vedomstva": "Министерство семьи, труда и социальной защиты населения Р.Б.",
        "podvedomstva": "-",
        "svo": "Нет"
      }
    }
    ,
    {
      "type": "Feature",
      "id": 15,
      "geometry": {
        "type": "Point",
        "coordinates": [
          54.4826196517025,
          53.47869758079408
        ]
      },
      "properties": {
        "name": "Отделение реабилитации детей и подростков с ограниченными возможностями здоровья в г. Октябрьский Республики Башкортостан",
        "address": "452614, Р.Б., г. Октябрьский, ул. Островского, д. 54",
        "website": "https://bashrrc.bashkortostan.ru/",
        "phone": "8(34767)54811",
        "rehab_form": "амбулаторно",
        "age_group": "0-18",
        "accessibility": "да",
        "profile": "ЦРГ 1-12\nОВЗ",
        "services": "Социально-бытовые\nсоциально-медицинские\nсоциально-психологические\nсоциально-педагогические\nсоциально-трудовые\nсоциально-правовые\nуслуги в целях повышения коммуникативного потенциала получателей социальных услуг",
        "specialists": "медицинская сестра\nмедицинская сестра по массажу\nмедицинская сестра по физиотерапии\nинструктор по лечебной физкультуре\nспециалисты по комплексной реабилитации\nспециалисты по социальной работе",
        "description": "-.",
        "vedomstva": "Министерство семьи, труда и социальной защиты населения Р.Б.",
        "podvedomstva": "-",
        "svo": "Нет"
      }
    }
    ,
    {
      "type": "Feature",
      "id": 16,
      "geometry": {
        "type": "Point",
        "coordinates": [
          54.598244309774415,
          53.68858990398824
        ]
      },
      "properties": {
        "name": "Отделение реабилитации детей и подростков с ограниченными возможностями здоровья в Туймазинском районе и г. Туймазы Республики Башкортостан",
        "address": "452751, Р.Б., г. Туймазы, ул. Чехова, д. 5",
        "website": "https://bashrrc.bashkortostan.ru/",
        "phone": "8(34782)53260",
        "rehab_form": "амбулаторно",
        "age_group": "0-18",
        "accessibility": "да",
        "profile": "ЦРГ 1-12\nОВЗ",
        "services": "Социально-бытовые\nсоциально-медицинские\nсоциально-психологические\nсоциально-педагогические\nсоциально-трудовые\nсоциально-правовые\nуслуги в целях повышения коммуникативного потенциала получателей социальных услуг",
        "specialists": "медицинская сестра\nмедицинская сестра по массажу\nмедицинская сестра по физиотерапии\nинструктор по лечебной физкультуре\nспециалисты по комплексной реабилитации (психолог\nсоциальный педагог\nинструктор по труду\nлогопед\nдефектолог)\nспециалисты по социальной работе",
        "description": "-.",
        "vedomstva": "Министерство семьи, труда и социальной защиты населения Р.Б.",
        "podvedomstva": "-",
        "svo": "Нет"
      }
    }

  ]
}