{
  "type": "FeatureCollection",
  "features": [
    {
      "type": "Feature",
      "id": 1,
      "geometry": {
        "type": "Point",
        "coordinates": [
          54.826183,
          56.057129
        ]
      },
      "properties": {
        "name": "ГБУ ДО СШ 'ЦАС' РБ",
        "address": "450112, Р.Б., г. Уфа, ул. Комарова, д. 9",
        "website": "http://adaptiv-rb.ru",
        "phone": "89377848912",
        "rehab_form": "Дневной стационар",
        "age_group": "0-18, 18+",
        "accessibility": "да",
        "profile": "Лица с нарушениями слуха\nЛица с поражением ОДА\nЛица с нарушениями зрения\nЛица с ИН",
        "services": "Организация мероприятий по подготовке спортивных сборных команд\nОрганизация и проведение официальных спортивных мероприятий\nОбеспечение участия спортивных сборных команд в официальных спортивных мероприятиях\nСпортивная подготовка по спорту лиц с интеллектуальными нарушениями\nСпортивная подготовка по спорту слепых\nСпортивная подготовка по спорту глухих\nСпортивная подготовка по спорту лиц с поражением опорно-двигательного аппарата",
        "specialists": "Тренер-преподаватель\nИнструктор-методист\nПедагог-психолог",
        "description": "",
        "vedomstva": "Министерство спорта Р.Б.",
        "podvedomstva": "-",
        "svo": "Да"
      }
    },
    {
      "type": "Feature",
      "id": 2,
      "geometry": {
        "type": "Point",
        "coordinates": [
          53.357835,
          55.922255
        ]
      },
      "properties": {
        "name": "ГБУ ДО СШ 'ЦАС' РБ",
        "address": "453261, Р.Б., г. Салават, ул. Ленина, д. 11А",
        "website": "http://adaptiv-rb.ru",
        "phone": "89377848912",
        "rehab_form": "Дневной стационар",
        "age_group": "0-18, 18+",
        "accessibility": "да",
        "profile": "Лица с поражением ОДА",
        "services": "Организация мероприятий по подготовке спортивных сборных команд\nОрганизация и проведение официальных спортивных мероприятий\nОбеспечение участия спортивных сборных команд в официальных спортивных мероприятиях\nСпортивная подготовка по спорту лиц с поражением опорно-двигательного аппарата",
        "specialists": "Тренер-преподаватель",
        "description": "",
        "vedomstva": "Министерство спорта Р.Б.",
        "podvedomstva": "-",
        "svo": "Да"
      }
    },
    {
      "type": "Feature",
      "id": 3,
      "geometry": {
        "type": "Point",
        "coordinates": [
          54.102464,
          54.099726
        ]
      },
      "properties": {
        "name": "ГБУ ДО СШ 'ЦАС' РБ",
        "address": "452005, Р.Б., г. Белебей, ул. Им м.г. амирова, д. 10",
        "website": "http://adaptiv-rb.ru",
        "phone": "89377848912",
        "rehab_form": "Дневной стационар",
        "age_group": "0-18, 18+",
        "accessibility": "да",
        "profile": "Лица с нарушениями слуха\nЛица с поражением ОДА\nЛица с нарушениями зрения",
        "services": "Организация мероприятий по подготовке спортивных сборных команд\nОрганизация и проведение официальных спортивных мероприятий\nОбеспечение участия спортивных сборных команд в официальных спортивных мероприятиях\nСпортивная подготовка по спорту слепых\nСпортивная подготовка по спорту глухих\nСпортивная подготовка по спорту лиц с поражением опорно-двигательного аппарата",
        "specialists": "Тренер-преподаватель",
        "description": "",
        "vedomstva": "Министерство спорта Р.Б.",
        "podvedomstva": "-",
        "svo": "Да"
      }
    },
    {
      "type": "Feature",
      "id": 4,
      "geometry": {
        "type": "Point",
        "coordinates": [
          52.967372,
          55.932936
        ]
      },
      "properties": {
        "name": "ГБУ ДО СШ 'ЦАС' РБ",
        "address": "453856, Р.Б., г. Мелеуз, ул. Первомайская, д. 1",
        "website": "http://adaptiv-rb.ru",
        "phone": "89377848912",
        "rehab_form": "Дневной стационар",
        "age_group": "0-18, 18+",
        "accessibility": "да",
        "profile": "Лица с поражением ОДА",
        "services": "Организация мероприятий по подготовке спортивных сборных команд\nОрганизация и проведение официальных спортивных мероприятий\nОбеспечение участия спортивных сборных команд в официальных спортивных мероприятиях\nСпортивная подготовка по спорту лиц с поражением опорно-двигательного аппарата",
        "specialists": "Тренер-преподаватель",
        "description": "",
        "vedomstva": "Министерство спорта Р.Б.",
        "podvedomstva": "-",
        "svo": "Да"
      }
    },
    {
      "type": "Feature",
      "id": 5,
      "geometry": {
        "type": "Point",
        "coordinates": [
          52.753094,
          55.806759
        ]
      },
      "properties": {
        "name": "ГБУ ДО СШ 'ЦАС' РБ",
        "address": "453301, Р.Б., г. Кумертау, ул. Первомайская, влд. 3а",
        "website": "http://adaptiv-rb.ru",
        "phone": "89377848912",
        "rehab_form": "Дневной стационар",
        "age_group": "0-18, 18+",
        "accessibility": "да",
        "profile": "Лица с поражением ОДА, \nЛица с ИН",
        "services": "Организация мероприятий по подготовке спортивных сборных команд\nОрганизация и проведение официальных спортивных мероприятий\nОбеспечение участия спортивных сборных команд в официальных спортивных мероприятиях\nСпортивная подготовка по спорту лиц с интеллектуальными нарушениями\nСпортивная подготовка по спорту лиц с поражением опорно-двигательного аппарата",
        "specialists": "Тренер-преподаватель",
        "description": "",
        "vedomstva": "Министерство спорта Р.Б.",
        "podvedomstva": "-",
        "svo": "Да"
      }
    },
    {
      "type": "Feature",
      "id": 6,
      "geometry": {
        "type": "Point",
        "coordinates": [
          53.626857,
          55.929568
        ]
      },
      "properties": {
        "name": "ГБУ ДО СШ 'ЦАС' РБ",
        "address": "453120, Р.Б., г. Стерлитамак, ул. Льва толстого, д. 7",
        "website": "http://adaptiv-rb.ru",
        "phone": "89377848912",
        "rehab_form": "Дневной стационар",
        "age_group": "0-18, 18+",
        "accessibility": "да",
        "profile": "Лица с нарушениями слуха",
        "services": "Организация мероприятий по подготовке спортивных сборных команд\nОрганизация и проведение официальных спортивных мероприятий\nОбеспечение участия спортивных сборных команд в официальных спортивных мероприятиях\nСпортивная подготовка по спорту глухих",
        "specialists": "Тренер-преподаватель",
        "description": "",
        "vedomstva": "Министерство спорта Р.Б.",
        "podvedomstva": "-",
        "svo": "Да"
      }
    }
  ]
}