{
  "type": "FeatureCollection",
  "features": [
    {
      "type": "Feature",
      "geometry": {
        "type": "Point",
        "coordinates": [
          54.787033,
          56.032218
        ]
      },
      "properties": {
        "name": "ГБУ РБ РЦППМСП ЦПМПК",
        "address": "Р.Б., г. Уфа, пр. Октября, д. 115 корп.2",
        "website": "",
        "phone": "83472848432",
        "rehab_form": "",
        "age_group": "0-18, 18+",
        "accessibility": "да",
        "profile": "Комплексное диагностическое обследование и разработка рекомендаций, направленных на определение специальных условий для всех назоологических груп",
        "services": "коррекционно-развивающие занятия",
        "specialists": "педагог-психолог\nучитель-логопед\nучитель-дефектолог",
        "description": "",
        "vedomstva": "Министерство просвещения Р.Б.",
        "podvedomstva": "ПМПК"
      },
      "id": 1
    },
    {
      "type": "Feature",
      "geometry": {
        "type": "Point",
        "coordinates": [
          54.710419,
          56.014545
        ]
      },
      "properties": {
        "name": "СП ГБУ РБ РЦППМСП Южная ЗПМПК",
        "address": "Р.Б., г. Уфа, ул. Авроры 18/2",
        "website": "",
        "phone": "83472680922",
        "rehab_form": "",
        "age_group": "0-18, 18+",
        "accessibility": "да",
        "profile": "Комплексное диагностическое обследование и разработка рекомендаций, направленных на определение специальных условий для всех назоологических груп",
        "services": "коррекционно-развивающие занятия",
        "specialists": "педагог-психолог\nучитель-логопед\nучитель-дефектолог",
        "description": "",
        "vedomstva": "Министерство просвещения Р.Б.",
        "podvedomstva": "ПМПК"
      },
      "id": 2
    },
    {
      "type": "Feature",
      "geometry": {
        "type": "Point",
        "coordinates": [
          54.82,
          56.088192
        ]
      },
      "properties": {
        "name": "СП ГБУ РБ РЦППМСП Северная ЗПМПК",
        "address": "452530, Р.Б., г. Уфа, ул. Рыбакова 6а",
        "website": "",
        "phone": "83472401815",
        "rehab_form": "",
        "age_group": "0-18, 18+",
        "accessibility": "да",
        "profile": "Комплексное диагностическое обследование и разработка рекомендаций, направленных на определение специальных условий для всех назоологических груп",
        "services": "коррекционно-развивающие занятия",
        "specialists": "педагог-психолог\nучитель-логопед\nучитель-дефектолог",
        "description": "",
        "vedomstva": "Министерство просвещения Р.Б.",
        "podvedomstva": "ПМПК"
      },
      "id": 3
    },
    {
      "type": "Feature",
      "geometry": {
        "type": "Point",
        "coordinates": [
          54.102559,
          54.112294
        ]
      },
      "properties": {
        "name": "Филиал ГБУ РБ РЦППМСП Белебеевская ЗПМПК",
        "address": "452000, Р.Б., г. Белебей, ул. Ленина, д. 1а",
        "website": "",
        "phone": "83472848432",
        "rehab_form": "",
        "age_group": "0-18, 18+",
        "accessibility": "да",
        "profile": "Комплексное диагностическое обследование и разработка рекомендаций, направленных на определение специальных условий для всех назоологических груп",
        "services": "коррекционно-развивающие занятия",
        "specialists": "педагог-психолог\nучитель-логопед\nучитель-дефектолог",
        "description": "",
        "vedomstva": "Министерство просвещения Р.Б.",
        "podvedomstva": "ПМПК"
      },
      "id": 4
    },
    {
      "type": "Feature",
      "geometry": {
        "type": "Point",
        "coordinates": [
          53.981363,
          58.43929
        ]
      },
      "properties": {
        "name": "Филиал ГБУ РБ РЦППМСП Белорецкая ЗПМПК",
        "address": "453501, Р.Б., город Белорецк, ул. Мичурина, д. 2",
        "website": "",
        "phone": "83479227272",
        "rehab_form": "",
        "age_group": "0-18, 18+",
        "accessibility": "да",
        "profile": "Комплексное диагностическое обследование и разработка рекомендаций, направленных на определение специальных условий для всех назоологических груп",
        "services": "коррекционно-развивающие занятия",
        "specialists": "педагог-психолог\nучитель-логопед\nучитель-дефектолог",
        "description": "",
        "vedomstva": "Министерство просвещения Р.Б.",
        "podvedomstva": "ПМПК"
      },
      "id": 5
    },
    {
      "type": "Feature",
      "geometry": {
        "type": "Point",
        "coordinates": [
          55.416555,
          55.534381
        ]
      },
      "properties": {
        "name": "Филиал ГБУ РБ РЦППМСП Бирская ЗПМПК",
        "address": "Р.Б., 452450, Р.Б., город Бирск, ул. Ица мира, д. 34",
        "website": "",
        "phone": "83478431772",
        "rehab_form": "",
        "age_group": "0-18, 18+",
        "accessibility": "да",
        "profile": "Комплексное диагностическое обследование и разработка рекомендаций, направленных на определение специальных условий для всех назоологических груп",
        "services": "коррекционно-развивающие занятия",
        "specialists": "педагог-психолог\nучитель-логопед\nучитель-дефектолог",
        "description": "",
        "vedomstva": "Министерство просвещения Р.Б.",
        "podvedomstva": "ПМПК"
      },
      "id": 6
    },
    {
      "type": "Feature",
      "geometry": {
        "type": "Point",
        "coordinates": [
          55.045965,
          55.957038
        ]
      },
      "properties": {
        "name": "Филиал ГБУ РБ РЦППМСП Благовещенская ЗПМПК",
        "address": "453431, Р.Б., город Благовещенск, ул. Ица седова, д. 107",
        "website": "",
        "phone": "83476632100",
        "rehab_form": "",
        "age_group": "0-18, 18+",
        "accessibility": "да",
        "profile": "Комплексное диагностическое обследование и разработка рекомендаций, направленных на определение специальных условий для всех назоологических груп",
        "services": "коррекционно-развивающие занятия",
        "specialists": "педагог-психолог\nучитель-логопед\nучитель-дефектолог",
        "description": "",
        "vedomstva": "Министерство просвещения Р.Б.",
        "podvedomstva": "ПМПК"
      },
      "id": 7
    },
    {
      "type": "Feature",
      "geometry": {
        "type": "Point",
        "coordinates": [
          55.528243,
          58.238723
        ]
      },
      "properties": {
        "name": "Филиал ГБУ РБ РЦППМСП Дуванская ЗПМПК",
        "address": "452530, Р.Б., Дуванский район, село Месягутово, ул. Ица электрическая, д. 29",
        "website": "",
        "phone": "83479834145",
        "rehab_form": "",
        "age_group": "0-18, 18+",
        "accessibility": "да",
        "profile": "Комплексное диагностическое обследование и разработка рекомендаций, направленных на определение специальных условий для всех назоологических груп",
        "services": "коррекционно-развивающие занятия",
        "specialists": "педагог-психолог\nучитель-логопед\nучитель-дефектолог",
        "description": "",
        "vedomstva": "Министерство просвещения Р.Б.",
        "podvedomstva": "ПМПК"
      },
      "id": 8
    },
    {
      "type": "Feature",
      "geometry": {
        "type": "Point",
        "coordinates": [
          52.751394,
          55.801576
        ]
      },
      "properties": {
        "name": "Филиал ГБУ РБ РЦППМСП Кумертауская ЗПМПК",
        "address": "453350, Р.Б., г. Кумертау, ул. Ица искужина, д. 3, помещение 1",
        "website": "",
        "phone": "83476143758",
        "rehab_form": "",
        "age_group": "0-18, 18+",
        "accessibility": "да",
        "profile": "Комплексное диагностическое обследование и разработка рекомендаций, направленных на определение специальных условий для всех назоологических груп",
        "services": "коррекционно-развивающие занятия",
        "specialists": "педагог-психолог\nучитель-логопед\nучитель-дефектолог",
        "description": "",
        "vedomstva": "Министерство просвещения Р.Б.",
        "podvedomstva": "ПМПК"
      },
      "id": 9
    },
    {
      "type": "Feature",
      "geometry": {
        "type": "Point",
        "coordinates": [
          56.089011,
          54.25235
        ]
      },
      "properties": {
        "name": "Филиал ГБУ РБ РЦППМСП Нефтекамская ЗПМПК",
        "address": "452680, Р.Б., г. Нефтекамск, ул. Ица ленина, д. 22В",
        "website": "",
        "phone": "83478347002",
        "rehab_form": "",
        "age_group": "0-18, 18+",
        "accessibility": "да",
        "profile": "Комплексное диагностическое обследование и разработка рекомендаций, направленных на определение специальных условий для всех назоологических груп",
        "services": "коррекционно-развивающие занятия",
        "specialists": "педагог-психолог\nучитель-логопед\nучитель-дефектолог",
        "description": "",
        "vedomstva": "Министерство просвещения Р.Б.",
        "podvedomstva": "ПМПК"
      },
      "id": 10
    },
    {
      "type": "Feature",
      "geometry": {
        "type": "Point",
        "coordinates": [
          54.489262,
          53.446418
        ]
      },
      "properties": {
        "name": "Филиал ГБУ РБ РЦППМСП Октябрьская ЗПМПК",
        "address": "452602, Р.Б., Респ.Башкортостан, г. Октябрьский, ул. Садовое кольцо, д. 2а",
        "website": "",
        "phone": "83476763780",
        "rehab_form": "",
        "age_group": "0-18, 18+",
        "accessibility": "да",
        "profile": "Комплексное диагностическое обследование и разработка рекомендаций, направленных на определение специальных условий для всех назоологических груп",
        "services": "коррекционно-развивающие занятия",
        "specialists": "педагог-психолог\nучитель-логопед\nучитель-дефектолог",
        "description": "",
        "vedomstva": "Министерство просвещения Р.Б.",
        "podvedomstva": "ПМПК"
      },
      "id": 11
    },
    {
      "type": "Feature",
      "geometry": {
        "type": "Point",
        "coordinates": [
          53.371967,
          55.928014
        ]
      },
      "properties": {
        "name": "ФГБУ РБ РЦППМСП Салаватская ЗПМПК",
        "address": "453252, Р.Б., город Салават, ул. Ица гафури, д. 41",
        "website": "",
        "phone": "83476353709",
        "rehab_form": "",
        "age_group": "0-18, 18+",
        "accessibility": "да",
        "profile": "Комплексное диагностическое обследование и разработка рекомендаций, направленных на определение специальных условий для всех назоологических груп",
        "services": "коррекционно-развивающие занятия",
        "specialists": "педагог-психолог\nучитель-логопед\nучитель-дефектолог",
        "description": "",
        "vedomstva": "Министерство просвещения Р.Б.",
        "podvedomstva": "ПМПК"
      },
      "id": 12
    },
    {
      "type": "Feature",
      "geometry": {
        "type": "Point",
        "coordinates": [
          52.718514,
          58.670283
        ]
      },
      "properties": {
        "name": "Филиал ГБУ РБ РЦППМСП Сибайская ЗПМПК",
        "address": "453830, Р.Б., г. Сибай, ул. Ица кирова, д. 34",
        "website": "",
        "phone": "83477524189",
        "rehab_form": "",
        "age_group": "0-18, 18+",
        "accessibility": "да",
        "profile": "Комплексное диагностическое обследование и разработка рекомендаций, направленных на определение специальных условий для всех назоологических груп",
        "services": "коррекционно-развивающие занятия",
        "specialists": "педагог-психолог\nучитель-логопед\nучитель-дефектолог",
        "description": "",
        "vedomstva": "Министерство просвещения Р.Б.",
        "podvedomstva": "ПМПК"
      },
      "id": 13
    },
    {
      "type": "Feature",
      "geometry": {
        "type": "Point",
        "coordinates": [
          53.633846,
          55.924061
        ]
      },
      "properties": {
        "name": "Филиал ГБУ РБ РЦППМСП Стерлитамакская ЗПМПК",
        "address": "453118, Р.Б., город Стерлитамак, ул. Ица худайбердина, д. 150",
        "website": "",
        "phone": "83473205900",
        "rehab_form": "",
        "age_group": "0-18, 18+",
        "accessibility": "да",
        "profile": "Комплексное диагностическое обследование и разработка рекомендаций, направленных на определение специальных условий для всех назоологических груп",
        "services": "коррекционно-развивающие занятия",
        "specialists": "педагог-психолог\nучитель-логопед\nучитель-дефектолог",
        "description": "",
        "vedomstva": "Министерство просвещения Р.Б.",
        "podvedomstva": "ПМПК"
      },
      "id": 14
    },
    {
      "type": "Feature",
      "geometry": {
        "type": "Point",
        "coordinates": [
          54.598356,
          53.691209
        ]
      },
      "properties": {
        "name": "Филиал ГБУ РБ РЦППМСП Туймазинская ЗПМПК",
        "address": "452751, Р.Б., город Туймазы, ул. Ица чехова, д. 2А",
        "website": "",
        "phone": "83478270526",
        "rehab_form": "",
        "age_group": "0-18, 18+",
        "accessibility": "да",
        "profile": "Комплексное диагностическое обследование и разработка рекомендаций, направленных на определение специальных условий для всех назоологических груп",
        "services": "коррекционно-развивающие занятия",
        "specialists": "педагог-психолог\nучитель-логопед\nучитель-дефектолог",
        "description": "",
        "vedomstva": "Министерство просвещения Р.Б.",
        "podvedomstva": "ПМПК"
      },
      "id": 15
    },
    {
      "type": "Feature",
      "geometry": {
        "type": "Point",
        "coordinates": [
          51.867104,
          58.223604
        ]
      },
      "properties": {
        "name": "филиал ГБУ РБ РЦППМСП Хайбуллинская ЗПМПК",
        "address": "453800, Р.Б., Хайбул. Линский район, село Акьяр, улица Акмуллы, д. 34",
        "website": "",
        "phone": "83475821076",
        "rehab_form": "",
        "age_group": "0-18, 18+",
        "accessibility": "да",
        "profile": "Комплексное диагностическое обследование и разработка рекомендаций, направленных на определение специальных условий для всех назоологических груп",
        "services": "коррекционно-развивающие занятия",
        "specialists": "педагог-психолог\nучитель-логопед\nучитель-дефектолог",
        "description": "",
        "vedomstva": "Министерство просвещения Р.Б.",
        "podvedomstva": "ПМПК"
      },
      "id": 16
    }
  ]
}