{
  "type": "FeatureCollection",
  "features": [
    {
      "type": "Feature",
      "id": 1,
      "geometry": {
        "type": "Point",
        "coordinates": [
          55.179617,
          53.792503
        ]
      },
      "properties": {
        "name": "ГБОУ Бакалинская коррекционная школа-интернат для обучающихся с ОВЗ",
        "address": "Р.Б., Р.Б, Бакалы, улица Красных Партизан 31/1",
        "website": "https://bakaly.bashkirschool.ru/",
        "phone": "83474223700",
        "rehab_form": "",
        "age_group": "0-18",
        "accessibility": "да",
        "profile": "нарушения слуха\nзадержка психического развития\nнарушения интеллекта",
        "services": "Получение начального общего\nосновного общего и\nсреднего общего образования\nПрофессиональная ориентация и социальная адаптация\nАдаптивная физкультура\nУслуги учителя-дефектолога\nпедагога-психолога\nлогопеда\nсоциального педагога",
        "specialists": "педагог-психолог\nучитель логопед\nсоциальный педагог",
        "specialnosti": "нет",
        "vedomstva": "Министерство просвещения Р.Б.",
        "podvedomstva": "Коррекционные ОО"
      }
    },
    {
      "type": "Feature",
      "id": 2,
      "geometry": {
        "type": "Point",
        "coordinates": [
          54.098742,
          54.102367
        ]
      },
      "properties": {
        "name": "Белебеевская коррекционная школа для слабовидящих обучающихся",
        "address": "Р.Б., Р.Б, г. Белебей, ул. Красная, д. 134/1",
        "website": "https://ds-37-yagodka.nubex.ru",
        "phone": "83478631786",
        "rehab_form": "",
        "age_group": "0-18",
        "accessibility": "да",
        "profile": "нарушение функций зрения",
        "services": "Получение дошкольного\nначального общего образования\nСоциальная адаптация\nФизиотерапия и прием врача -офтальмолога\nУслуги учителя-дефектолога\nучителя-логопеда\nпедагога-психолга\nсоциального педагога\nАрт-терапия и музыко-терапия",
        "specialists": "педагог-психолог\nучитель дефектолог\nучитель-логопед\nсоциальный педагог\nврач-офтальмолог\nмедицинская сестра по физиотерапии",
        "specialnosti": "нет",
        "vedomstva": "Министерство просвещения Р.Б.",
        "podvedomstva": "Коррекционные ОО"
      }
    },
    {
      "type": "Feature",
      "id": 3,
      "geometry": {
        "type": "Point",
        "coordinates": [
          53.997594,
          58.405001
        ]
      },
      "properties": {
        "name": "Белорецкая коррекционная школа обучающихся с ОВЗ",
        "address": "Р.Б., Р.Б, г. Белорецк ул. Спортивная, д. 51А",
        "website": "https://gboubelorskh.02edu.ru/",
        "phone": "83479225075",
        "rehab_form": "",
        "age_group": "0-18",
        "accessibility": "да",
        "profile": "нарушения интеллекта",
        "services": "Получение начального общего\nосновного общего и\nсреднего общего образования\nПрофессиональная ориентация и социальная адаптация\nПрофессиональное обучение\nПроизводственная адаптация\nтрудоустройство\nАдаптивная физкультура\nУслуги учителя- дефектолога\nпедагога-психолога\nсоциального педагога\nРесурсная поддержка/консультирование педагогических работников образовательных организаций по вопросам коррекции и обучения\nродителей – по вопросам воспитания детей\nимеющих ограниченные возможности здоровья по трудовому обучению и профессиональной ориентации\nв Республике Башкортостан",
        "specialists": "педагог-психолог\nсоциальный педагог\nучитель-дефектолог",
        "specialnosti": "штукатур, маляр строительный; дворник; уборщик служебных помещений",
        "vedomstva": "Министерство просвещения Р.Б.",
        "podvedomstva": "Коррекционные ОО"
      }
    },
    {
      "type": "Feature",
      "id": 4,
      "geometry": {
        "type": "Point",
        "coordinates": [
          54.110362,
          54.108808
        ]
      },
      "properties": {
        "name": "Белебеевская коррекционная школа для обучающихся с ОВЗ",
        "address": "Р.Б., Р.Б, г. Белебей, ул. Пионерская, д. 49",
        "website": "https://bkshovz.02edu.ru/",
        "phone": "83478641885",
        "rehab_form": "",
        "age_group": "0-18",
        "accessibility": "да",
        "profile": "нарушения интеллекта\nзадержка психического развития\nтяжелые нарушения речи",
        "services": "Получение начального общего\nосновного общего и\nсреднего общего образования\nПрофессиональная ориентация и социальная адаптация\nПрофессиональное обучение и трудоустройство\nПроизводственная адаптация\nтрудоустройство\nУслуги учителя-дефектолога\nпедагога-психолога\nлогопеда\nсоциального педагога\nЛФК\nАдаптивная физкультура\nПриемы врача-педиатра\nРесурсная поддержка/консультирование педагогических работников образовательных организаций по вопросам коррекции и обучения\nродителей – по вопросам воспитания детей\nимеющих ограниченные возможности здоровья\nв Республике Башкортостан",
        "specialists": "педагог-психолог\nсоциальный педагог\nучитель-дефектолог\nучитель-логопед\nврач- педиатр\nинструктор по лечебной физкультуре\nинструктор по адаптивной физкультуре",
        "specialnosti": "столяр строительный;\nшвея; убощик служебных помещений, гончар, растениевод",
        "vedomstva": "Министерство просвещения Р.Б.",
        "podvedomstva": "Коррекционные ОО"
      }
    },
    {
      "type": "Feature",
      "id": 5,
      "geometry": {
        "type": "Point",
        "coordinates": [
          55.782749,
          58.985672
        ]
      },
      "properties": {
        "name": "Белокатайская коррекционная школа-интернат для обучающихся с ОВЗ",
        "address": "Р.Б., Р.Б, р-н Белокатайский, с.Старобелокатай, ул. Совесткая, д. 54",
        "website": "https://korschool.02edu.ru/",
        "phone": "83475027421",
        "rehab_form": "",
        "age_group": "0-18",
        "accessibility": "да",
        "profile": "нарушения интеллекта, задержка психического развития",
        "services": "Получение начального общего\nосновного общего и\nсреднего общего образования\nПрофессиональная ориентация и социальная адаптация\nУслуги\nпедагога-психолога\nлогопеда\nЛФК\nАдаптивная физкультура\nПриемы врача-педиатра",
        "specialists": "педагог - психолог\nлогопед\nсоциальный педагог\nврач- педиатр",
        "specialnosti": "",
        "vedomstva": "Министерство просвещения Р.Б.",
        "podvedomstva": "Коррекционные ОО"
      }
    },
    {
      "type": "Feature",
      "id": 6,
      "geometry": {
        "type": "Point",
        "coordinates": [
          55.415119,
          55.567744
        ]
      },
      "properties": {
        "name": "Бирская коррекционная школа-интернат для обучающихся с тяжелыми нарушениями речи",
        "address": "Р.Б., Р.Б, г. Бирск, ул. Мира, д. 150",
        "website": "https://birskrech.02edu.ru/",
        "phone": "83478445239",
        "rehab_form": "",
        "age_group": "0-18",
        "accessibility": "да",
        "profile": "тяжелые нарушения речи",
        "services": "Получение начального общего образования\nУслуги\nпедагога-психолога\nлогопеда\nЛФК\nМедицинский массаж\nФизиотерапия\nАдаптивная физкультура\nПриемы врача-педиатра\nАрт-терапия и музыкотерапия\nХудожественный труд и лепка\n3 D моделирование и конструирование.\nРесурсная поддержка/консультирование педагогических работников образовательных организаций по вопросам коррекции и обучения\nродителей – по вопросам воспитания детей\nимеющих тяжелые нарушения речи\nв Республике Башкортостан",
        "specialists": "врач - педиатр\nврач-стоматолог\nинструктор по лечебной физкультуре\nинструктор по адаптивной физкультуре\nмедицинская сестра по массажу\nмедицинская сестра по физиотерапии\nмедицинская сестра с возложением обязанностей диетсестры\nмедицинская сестра врача - стоматолога\nпедагог - психолог\nлогопед\nсоциальный педагог",
        "specialnosti": "нет",
        "vedomstva": "Министерство просвещения Р.Б.",
        "podvedomstva": "Коррекционные ОО"
      }
    },
    {
      "type": "Feature",
      "id": 7,
      "geometry": {
        "type": "Point",
        "coordinates": [
          55.260541,
          58.445884
        ]
      },
      "properties": {
        "name": "Бокситовская коррекционная школа-интернат для обучающихся с ЗПР",
        "address": "Р.Б., Р.Б, Салаватский район, село Лагерево, ул. Айская, д. 69",
        "website": "https://bkshi.02edu.ru/",
        "phone": "83477727860",
        "rehab_form": "",
        "age_group": "0-18",
        "accessibility": "да",
        "profile": "задержка психического развития",
        "services": "Получение начального общего\nосновного общего\nобразования\nУслуги педагога-психолога\nлогопеда\nсоциального педагога\nПрофессиональная ориентация\nсоциальная адаптация\nАдаптивная физкультура.",
        "specialists": "педагог-психолог\nучитель логопед\nсоциальный педагог",
        "specialnosti": "",
        "vedomstva": "Министерство просвещения Р.Б.",
        "podvedomstva": "Коррекционные ОО"
      }
    },
    {
      "type": "Feature",
      "id": 8,
      "geometry": {
        "type": "Point",
        "coordinates": [
          53.526441,
          57.538352
        ]
      },
      "properties": {
        "name": "Верхне-Авзянская  коррекционная школа-интернат для обучающихся с ОВЗ",
        "address": "Р.Б., Р.Б, Белорецкий район, с. Верхний Авзян, ул. Коммунистическая, д. 17",
        "website": "https://avzyankorr.02edu.ru/",
        "phone": "83479277114",
        "rehab_form": "",
        "age_group": "0-18",
        "accessibility": "да",
        "profile": "нарушения интеллекта",
        "services": "Получение начального общего\nосновного общего\nобразования\nУслуги педагога-психолога\nлогопеда\nсоциального педагога\nПрофессиональная ориентация\nсоциальная адаптация\nАдаптивная физкультура",
        "specialists": "Педагог-психолог\nучитель логопед\nсоциальный педагог",
        "specialnosti": "",
        "vedomstva": "Министерство просвещения Р.Б.",
        "podvedomstva": "Коррекционные ОО"
      }
    },
    {
      "type": "Feature",
      "id": 9,
      "geometry": {
        "type": "Point",
        "coordinates": [
          53.127219,
          56.140214
        ]
      },
      "properties": {
        "name": "Воскресенская коррекционная школа-интернат для обучающихся с ОВЗ",
        "address": "Р.Б., Р.Б, Мелеузовский район, с.Воскресенское, ул. Советская, д. 14",
        "website": "https://voskrkorschool.02edu.ru/",
        "phone": "83476462436",
        "rehab_form": "",
        "age_group": "0-18",
        "accessibility": "да",
        "profile": "нарушения интеллекта",
        "services": "Получение начального общего\nосновного общего и\nсреднего общего образования\nУслуги педагога-психолога\nлогопеда\nсоциального педагога\nПрофессиональная ориентация\nсоциальная адаптация\nПрофессиональное обучение и трудоустройство\nАдаптивная физкультура",
        "specialists": "педагог-психолог\nучитель логопед\nсоциальный педагог",
        "specialnosti": "портной, рабочий зеленого хозяйства",
        "vedomstva": "Министерство просвещения Р.Б.",
        "podvedomstva": "Коррекционные ОО"
      }
    },
    {
      "type": "Feature",
      "id": 10,
      "geometry": {
        "type": "Point",
        "coordinates": [
          52.716272,
          55.792521
        ]
      },
      "properties": {
        "name": "Ермолаевская коррекционная школа-интернат для обучающихся с ОВЗ",
        "address": "Р.Б., Р.Б, Куюргазинский район, с. Ермолаево, ул. Чапаева, д. 123",
        "website": "https://erminternat.02edu.ru",
        "phone": "83475760315",
        "rehab_form": "",
        "age_group": "0-18",
        "accessibility": "да",
        "profile": "нарушения интеллекта",
        "services": "Получение начального общего\nосновного общего и\nсреднего общего образования\nПрофессиональная ориентация\nсоциальная адаптация\nПрофессиональное обучение и трудоустройство\nПроизводственная адаптация\nтрудоустройство\nУслуги учителя-дефектолога\nпедагога-психолога\nлогопеда\nсоциального педагога\nАдаптивная физкультура.\nРесурсная поддержка/ консультирование педагогических работников образовательных организаций по вопросам коррекции и обучения\nродителей – по вопросам воспитания детей\nпо профориентации лиц с нарушениями интеллекта\nпроизводственная адаптация\nтрудоустройство",
        "specialists": "педагог - психолог\nлогопед\nсоциальный педагог\nврач- педиатр\nучитель - дефектолог",
        "specialnosti": "столяр строительный;\nшвея;\nовощевод;\nподсобный рабочий\nпомощник повара;\nуборщик служебных помещений,\nштукатур;\nмаляр",
        "vedomstva": "Министерство просвещения Р.Б.",
        "podvedomstva": "Коррекционные ОО"
      }
    },
    {
      "type": "Feature",
      "id": 11,
      "geometry": {
        "type": "Point",
        "coordinates": [
          52.244168,
          57.437381
        ]
      },
      "properties": {
        "name": " Зилаирская коррекционная школа-интернат для обучающихся с ОВЗ",
        "address": "Р.Б., Р.Б, р-н. Зилаирский, село Зилаир, ул. Первомайская, д. 83",
        "website": "https://zilairkorr.02edu.ru",
        "phone": "83475220064",
        "rehab_form": "",
        "age_group": "0-18",
        "accessibility": "да",
        "profile": "нарушения интеллекта",
        "services": "Получение начального общего\nосновного общего и\nсреднего общего образования\nПрофессиональная ориентация\nсоциальная адаптация\nПрофессиональное обучение и трудоустройство\nУслуги\nпедагога-психолога\nлогоаеда\nсоциального педагога\nАдаптивная физкультура",
        "specialists": "Педагог по адаптивной физкультуре\nпедагог - психолог\nлогопед\nсоциальный педагог",
        "specialnosti": "Помощник повара, штукатур маляр.",
        "vedomstva": "Министерство просвещения Р.Б.",
        "podvedomstva": "Коррекционные ОО"
      }
    },
    {
      "type": "Feature",
      "id": 12,
      "geometry": {
        "type": "Point",
        "coordinates": [
          55.446544,
          54.302674
        ]
      },
      "properties": {
        "name": "Илишевская коррекционная школа-интернат для обучающихся с ОВЗ",
        "address": "Р.Б., Р.Б, р-н. Илишевский район с.Верхнеяркеево ул. Советская, д. 46",
        "website": "https://ilishkor.02edu.ru/",
        "phone": "83476252263",
        "rehab_form": "",
        "age_group": "0-18",
        "accessibility": "да",
        "profile": "нарушения интеллекта\nзадержка психического развития\nрасстройства аутистическогого спектра",
        "services": "Получение начального общего\nосновного общего образования\nПрофессиональная ориентация\nсоциальная адаптация\nПрофессиональное обучение и трудоустройство\nУслуги учителя-дефектолога\nлогопеда\nпедагога-психолога\nсоциального педагога\nАдаптивная физкультура Иппотерапия",
        "specialists": "педагог-психолог\nлогопед\nсоциальный педагог\nучитель-дефектолог",
        "specialnosti": "швея, столяр, парикмахер, овощевод, уборщик служебных помещений",
        "vedomstva": "Министерство просвещения Р.Б.",
        "podvedomstva": "Коррекционные ОО"
      }
    },
    {
      "type": "Feature",
      "id": 13,
      "geometry": {
        "type": "Point",
        "coordinates": [
          53.457881,
          56.038057
        ]
      },
      "properties": {
        "name": "Ишимбайская коррекционная школа № 7 обучающихся с ОВЗ",
        "address": "Р.Б., Р.Б, г. Ишимбай, ул. Революционная, д. 12а",
        "website": "https://iksh7.02edu.ru/",
        "phone": "83479477144",
        "rehab_form": "",
        "age_group": "0-18",
        "accessibility": "да",
        "profile": "нарушения интеллекта",
        "services": "Получение начального общего\nосновного общего и\nсреднего общего образования\nПрофессиональная ориентация\nсоциальная адаптация\nПрофессиональное обучение и трудоустройство\nУслуги логопеда\nпедагога-психолога\nсоциального педагога\nАдаптивная физкультура",
        "specialists": "логопед\nсоциальный педагог\nпедагог психолог\nдефектолог",
        "specialnosti": "Швея, рабочий по обслуживанию здания, столяр, картонажно-переплетное дело",
        "vedomstva": "Министерство просвещения Р.Б.",
        "podvedomstva": "Коррекционные ОО"
      }
    },
    {
      "type": "Feature",
      "id": 14,
      "geometry": {
        "type": "Point",
        "coordinates": [
          55.966297,
          54.822439
        ]
      },
      "properties": {
        "name": "Калтасинская коррекционная школа-интернат для обучающихся с ОВЗ",
        "address": "Р.Б., Р.Б, Калтасинский район,д.Старые Калтасы,ул. Палантая 25",
        "website": "https://kalt.02edu.ru/",
        "phone": "83477941307",
        "rehab_form": "",
        "age_group": "0-18",
        "accessibility": "да",
        "profile": "нарушения интеллекта, задержка психического развития",
        "services": "Получение начального общего\nосновного общего образования\nПрофессиональная ориентация\nсоциальная адаптация\nУслуги логопеда\nпедагога-психолога\nАдаптивная физкультура",
        "specialists": "педагог-психолог, логопед",
        "specialnosti": "",
        "vedomstva": "Министерство просвещения Р.Б.",
        "podvedomstva": "Коррекционные ОО"
      }
    },
    {
      "type": "Feature",
      "id": 15,
      "geometry": {
        "type": "Point",
        "coordinates": [
          54.975842,
          57.05098
        ]
      },
      "properties": {
        "name": "Красновосходская коррекционная школа-интернат для обучающихся с ОВЗ",
        "address": "Р.Б., Р.Б, Иглинский район, с. Красный Восход, ул. Молодежная, д. 8",
        "website": "https://krasnschool.02edu.ru/",
        "phone": "83479524336",
        "rehab_form": "",
        "age_group": "0-18",
        "accessibility": "да",
        "profile": "нарушение интеллекта",
        "services": "Получение начального общего\nосновного общего образования\nПрофессиональная ориентация\nсоциальная адаптация\nУслуги\nлогопеда\nпедагога-психолога\nсоциального педагога\nАдаптивная физкультура",
        "specialists": "педагог - психолог\nлогопед\nсоциальный педагог",
        "specialnosti": "",
        "vedomstva": "Министерство просвещения Р.Б.",
        "podvedomstva": "Коррекционные ОО"
      }
    },
    {
      "type": "Feature",
      "id": 16,
      "geometry": {
        "type": "Point",
        "coordinates": [
          53.89814,
          54.135677
        ]
      },
      "properties": {
        "name": "Михайловская коррекционная школа-интернат для обучающихся с ОВЗ",
        "address": "Р.Б., Р.Б, Бижбул. Якский р-н, с.Михайловка. ул. Школьная, д. 14",
        "website": "https://mihailkorshcool.02edu.ru/",
        "phone": "83474325540",
        "rehab_form": "",
        "age_group": "0-18",
        "accessibility": "да",
        "profile": "нарушения интеллекта, задержка психического развития",
        "services": "Получение начального общего\nосновного общего и\nсреднего общего образования\nПрофессиональная ориентация\nсоциальная адаптация\nПрофессиональное обучение и трудоустройство\nУслуги учителя-дефектолога\nпедагога-психолога\nлогопеда\nсоциального педагога\nАдаптивная физкультура. Ресурсная поддержка/консультирование педагогических работников образовательных организаций по вопросам коррекции и обучения\nродителей – по вопросам воспитания детей\nимеющих ограниченные возможности здоровья (с нарушением интеллекта ) в Республике Башкортостан",
        "specialists": "врач-психиатр\nпедагог-психолог\nучитель-дефектолог\nучитель-логопед\nсоциальный педагог",
        "specialnosti": "Пчеловод,столяр, швея, парикмахер, уборщик служебных помещений",
        "vedomstva": "Министерство просвещения Р.Б.",
        "podvedomstva": "Коррекционные ОО"
      }
    },
    {
      "type": "Feature",
      "id": 17,
      "geometry": {
        "type": "Point",
        "coordinates": [
          56.082823,
          54.228617
        ]
      },
      "properties": {
        "name": "Нефтекамская коррекционная школа-интернат для обучающихся с ОВЗ",
        "address": "Р.Б., Р.Б, г. Нефтекамск, пер Кувыкина, д. 10А",
        "website": "https://internat17.02edu.ru/",
        "phone": "83478357047",
        "rehab_form": "",
        "age_group": "0-18",
        "accessibility": "да",
        "profile": "нарушения интеллекта",
        "services": "Получение начального общего\nосновного общего\nобразования\nПрофессиональная ориентация\nсоциальная адаптация\nУслуги учителя-дефектолога\nпедагога-психолога\nлогопеда\nАдаптивная физическая культура. Ресурсная поддержка/консультирование педагогических работников образовательных организаций по вопросам коррекции и обучения\nродителей – по вопросам воспитания детей\nимеющих ограниченные возможности здоровья\nпо психолого-педагогическому сопровождению в условиях инклюзивных образовательных организаций\nв Республике Башкортостан",
        "specialists": "врач-психиатр\nпедагог-психолог\nучитель-дефектолог\nучитель-логопед\nсоциальный педагог",
        "specialnosti": "",
        "vedomstva": "Министерство просвещения Р.Б.",
        "podvedomstva": "Коррекционные ОО"
      }
    },
    {
      "type": "Feature",
      "id": 18,
      "geometry": {
        "type": "Point",
        "coordinates": [
          54.478639,
          53.488719
        ]
      },
      "properties": {
        "name": "Октябрьская КШ № 19 обучающихся с ОВЗ",
        "address": "Р.Б., Р.Б, г. Октябрьский, ул. Трипольского, д. 59",
        "website": "https://school19okt.02edu.ru/",
        "phone": "83476752363",
        "rehab_form": "",
        "age_group": "0-18",
        "accessibility": "да",
        "profile": "нарушения интеллекта\nзадержка психического развития\nрасстройства аутистическогого спектра\nнарушения опорно-двигательного аппарата\nТНР",
        "services": "Получение начального общего\nосновного общего образования\nПрофессиональная ориентация\nсоциальная адаптация\nУслуги учителя-дефектолога\nпедагога-психолога\nлогопеда\nсоциального педагога\nАдаптивная физическая культура\nЛФК\nРесурсная поддержка/консультирование педагогических работников образовательных организаций по вопросам коррекции и обучения\nродителей – по вопросам воспитания детей\nимеющие проблемы с задержкой психического развития\nв Республике Башкортостан",
        "specialists": "педагог - психолог\nсоциальный педагог\nучитель физической культуры\nучитель - логопед\nучитель-дефектолог",
        "specialnosti": "",
        "vedomstva": "Министерство просвещения Р.Б.",
        "podvedomstva": "Коррекционные ОО"
      }
    },
    {
      "type": "Feature",
      "id": 19,
      "geometry": {
        "type": "Point",
        "coordinates": [
          53.36963,
          55.930107
        ]
      },
      "properties": {
        "name": "Салаватская коррекционная школа для обучающихся с ОВЗ",
        "address": "Р.Б., Р.Б, г. Салават, ул. Хмельницкого, д. 29",
        "website": "https://slvkrschool.02edu.ru/",
        "phone": "83476356336",
        "rehab_form": "",
        "age_group": "0-18",
        "accessibility": "да",
        "profile": "нарушения интеллекта",
        "services": "Получение начального общего\nосновного общего и\nсреднего общего образования\nПрофессиональная ориентация\nсоциальная адаптация\nПрофессиональное обучение и трудоустройство\nУслуги учителя-дефектолога\nпедагога-психолога\nлогопеда\nсоциального педагога\nАдаптивная физкультура\nЛФК\nРесурсная поддержка/ консультирование педагогических работников образовательных организаций по вопросам коррекции комплексного сопровождения детей и лиц с интеллектуальными нарушениями\nв том числе ТМНР",
        "specialists": "учитель - дефектолог\nпедагог - психолог\nучитель-логопед\nсоциальный педагог\nучитель по АФК\nмедсестра\nврач-стоматолог",
        "specialnosti": "повар, садовник",
        "vedomstva": "Министерство просвещения Р.Б.",
        "podvedomstva": "Коррекционные ОО"
      }
    },
    {
      "type": "Feature",
      "id": 20,
      "geometry": {
        "type": "Point",
        "coordinates": [
          52.718737,
          58.652855
        ]
      },
      "properties": {
        "name": "Сибайская  коррекционная школа для обучающихся с ОВЗ",
        "address": "Р.Б., Р.Б, г. Сибай, пер.Торговый, д. 9",
        "website": "https://sibaycorschool.02edu.ru/",
        "phone": "83477555460",
        "rehab_form": "",
        "age_group": "0-18",
        "accessibility": "да",
        "profile": "нарушения интеллекта\nрасстройства аутистическогого спектра\nзадержка психического развития",
        "services": "Получение начального общего\nосновного общего и\nсреднего общего образования\nПрофессиональная ориентация\nсоциальная адаптация\nПрофессиональное обучение и трудоустройство\nУслуги учителя-дефектолога\nпедагога-психолога\nлогопеда\nсоциального педагога\nАдаптивная физкультура.\nЛФК\nРесурсная поддержка/консультирование педагогических работников образовательных организаций по вопросам коррекции\nконсультации\nобучения детей и подростков с нарушениями интеллекта",
        "specialists": "врач-психиатр\nинструктор по лечебной физкультуре\nинструктор по адаптивоной физкультуре\nмедицинский брат\nучитель-дефектолог\nпедагог-психолог\nучитель-логопед\nсоциальный педагог",
        "specialnosti": "Рабочий зеленого хозяйства",
        "vedomstva": "Министерство просвещения Р.Б.",
        "podvedomstva": "Коррекционные ОО"
      }
    },
    {
      "type": "Feature",
      "id": 21,
      "geometry": {
        "type": "Point",
        "coordinates": [
          53.44175,
          55.252103
        ]
      },
      "properties": {
        "name": "Стерлибашевская коррекционная школа-интернат для обучающихся с ОВЗ",
        "address": "Р.Б., Р.Б, Стерлибашевский район, с. Стерлибашево, ул. Пролетарская, д. 30а",
        "website": "https://str.02edu.ru/",
        "phone": "83473922467",
        "rehab_form": "",
        "age_group": "0-18",
        "accessibility": "да",
        "profile": "нарушения интеллекта",
        "services": "Получение начального общего\nосновного общего образования\nПрофессиональная ориентация\nсоциальная адаптация\nУслуги учителя-дефектолога\nпедагога-психолога\nлогопеда\nАдаптивная физкультура.",
        "specialists": "учитель - дефектолог\nпедагог - психолог\nучитель-логопед\nсоциальный педагог",
        "specialnosti": "",
        "vedomstva": "Министерство просвещения Р.Б.",
        "podvedomstva": "Коррекционные ОО"
      }
    },
    {
      "type": "Feature",
      "id": 22,
      "geometry": {
        "type": "Point",
        "coordinates": [
          53.626857,
          55.929568
        ]
      },
      "properties": {
        "name": " Стерлитамакская коррекционная школа-интернат  для глухих и слабослышащих обучающихся",
        "address": "Р.Б., Р.Б, г. Стерлитамак, ул. Толстого, д. 7",
        "website": "https://school1v.02edu.ru/",
        "phone": "83473241468",
        "rehab_form": "",
        "age_group": "0-18",
        "accessibility": "да",
        "profile": "нарушения слуха (глухие\nслабослышащие)\nтяжелые нарушения речи",
        "services": "Получение начального общего\nосновного общего и\nсреднего общего образования\nПрофессиональная ориентация\nсоциальная адаптация\nУслуги учителя-дефектолога\nпедагога-психолога\nлогопеда\nсоциального-педагога\nсурдопедагога\nАдаптивная физкультура.\nРесурсная поддержка/консультирование педагогических работников образовательных организаций по вопросам коррекции и обучения\nродителей – по вопросам воспитания детей\nимеющих\nнарушения слуха и речи\nв том числе с кохлеарной имплантацией\nв Республике Башкортостан",
        "specialists": "врач- диатр\nмедсестра\nпедагог-психолог\nучитель дефектолог\nучитель-сурдопедагог\nучитель-логопед\nсоциальный педагог\nинструктор по адаптивной физической культуре",
        "specialnosti": "не ведется",
        "vedomstva": "Министерство просвещения Р.Б.",
        "podvedomstva": "Коррекционные ОО"
      }
    },
    {
      "type": "Feature",
      "id": 23,
      "geometry": {
        "type": "Point",
        "coordinates": [
          53.652412,
          55.951298
        ]
      },
      "properties": {
        "name": "Стерлитамакская КШ №25 коррекционная школа для обучающихся с ОВЗ",
        "address": "Р.Б., Р.Б, г. Стерлитамак, ул. Одесская, д. 4",
        "website": "https://25shk.02edu.ru/",
        "phone": "83473309525",
        "rehab_form": "",
        "age_group": "0-18",
        "accessibility": "да",
        "profile": "нарушения интеллекта, задержка психического развития",
        "services": "Получение начального общего\nосновного общего и\nсреднего общего образования\nПрофессиональная ориентация\nсоциальная адаптация\nПрофессиональное обучение и трудоустройство\nУслуги педагога-психолога\nлогопеда\nсоциального педагога\nАдаптивная физкультура\nЛФК",
        "specialists": "педагог - психолог\nлогопед\nсоциальный педагог",
        "specialnosti": "Младший обслуживающий персонал",
        "vedomstva": "Министерство просвещения Р.Б.",
        "podvedomstva": "Коррекционные ОО"
      }
    },
    {
      "type": "Feature",
      "id": 24,
      "geometry": {
        "type": "Point",
        "coordinates": [
          53.985165,
          56.386235
        ]
      },
      "properties": {
        "name": "Табынская коррекционная школа-интернат для обучающихся с ОВЗ",
        "address": "Р.Б., Р.Б, Гафурийский район, с. Табынское, ул. Центральная, д. 29",
        "website": "https://tabkor08.02edu.ru/school/",
        "phone": "83474026975",
        "rehab_form": "",
        "age_group": "0-18",
        "accessibility": "да",
        "profile": "нарушения интеллекта, задержка психического развития",
        "services": "Получение начального общего\nосновного общего и\nсреднего общего образования\nПрофессиональная ориентация\nсоциальная адаптация\nПрофессиональное обучение и трудоустройство\nУслуги педагога-психолога\nлогопеда\nсоциального педагога\nАдаптивная физкультура\nЛФК\nРесурсная поддержка/консультирование педагогических работников образовательных организаций по вопросам коррекции и обучения\nродителей – по вопросам воспитания детей\nимеющих проблемы с задержкой психического развития с нарушениями интеллекта с учетом психофизических особенностей\nв Республике Башкортостан",
        "specialists": "педагог - психолог\nлогопед\nсоциальный педагог",
        "specialnosti": "штукатур, маляр, столяр строительный",
        "vedomstva": "Министерство просвещения Р.Б.",
        "podvedomstva": "Коррекционные ОО"
      }
    },
    {
      "type": "Feature",
      "id": 25,
      "geometry": {
        "type": "Point",
        "coordinates": [
          54.603941,
          53.724222
        ]
      },
      "properties": {
        "name": "Туймазинская  коррекционная школа-интернат № 2 для обучающихся с ОВЗ",
        "address": "Р.Б., Р.Б, г. Туймазы, ул. Ульянова, д. 38",
        "website": "https://internat02.02edu.ru/",
        "phone": "83478223750",
        "rehab_form": "",
        "age_group": "0-18",
        "accessibility": "да",
        "profile": "нарушения интеллекта, задержка психического развития",
        "services": "Получение начального общего\nосновного общего и\nсреднего общего образования\nПрофессиональная ориентация\nсоциальная адаптация\nПрофессиональное обучение и трудоустройство\nУслуги учителя-дефектолога\nпедагога-психолога\nлогопеда\nсоциального педагога\nАдаптивная физкультура",
        "specialists": "учитель-логопед\nсоциальный педагог\nпедагог-психолог\nучитель-дефектолог",
        "specialnosti": "обувщик по ремонту обуви, швея, кухронный работник, маляр",
        "vedomstva": "Министерство просвещения Р.Б.",
        "podvedomstva": "Коррекционные ОО"
      }
    },
    {
      "type": "Feature",
      "id": 26,
      "geometry": {
        "type": "Point",
        "coordinates": [
          54.746618,
          55.97858
        ]
      },
      "properties": {
        "name": "Уфимская коррекционная школа № 120 для обучающихся с ЗПР",
        "address": "Р.Б., Р.Б, г. Уфа, ул. Большая гражданская, д. 30",
        "website": "http://school120ufa.ru/",
        "phone": "83472234817",
        "rehab_form": "",
        "age_group": "0-18",
        "accessibility": "да",
        "profile": "задержка психического развития",
        "services": "Получение начального общего\nосновного общего\nобразования\nПрофессиональная ориентация\nсоциальная адаптация\nУслуги учителя-дефектолога\nпедагога-психолога\nлогопеда\nсоциального педагога\nАдаптивная физкультура\nРесурсная поддержка/консультирование педагогических работников образовательных организаций по вопросам коррекции и обучения\nродителей – по вопросам воспитания детей\nимеющих проблемы с задержкой психического развития\nв Республике Башкортостан",
        "specialists": "учитель-дефектолог\nпедагог-психолог\nучитель логопед\nсоциальный педагог",
        "specialnosti": "-",
        "vedomstva": "Министерство просвещения Р.Б.",
        "podvedomstva": "Коррекционные ОО"
      }
    },
    {
      "type": "Feature",
      "id": 27,
      "geometry": {
        "type": "Point",
        "coordinates": [
          54.815799,
          56.071582
        ]
      },
      "properties": {
        "name": "Уфимская коррекционная школа № 138 для обучающихся с ОВЗ",
        "address": "Р.Б., Р.Б, г. Уфа ул. Ульяновых 21/1",
        "website": "school138.02edu.ru",
        "phone": "83472428957",
        "rehab_form": "",
        "age_group": "0-18",
        "accessibility": "да",
        "profile": "нарушения слуха (глухие, слбослышащие)",
        "services": "Получение начального общего\nосновного общего\nобразования\nПрофессиональная ориентация\nсоциальная адаптация\nУслуги учителя-дефектолога\nпедагога-психолога\nлогопеда\nАдаптивная физкультура",
        "specialists": "педагог-психолог\nучитель-логопед\nсоциальный педагог\nсурдопедагог\nучитель-дефектолог",
        "specialnosti": "-",
        "vedomstva": "Министерство просвещения Р.Б.",
        "podvedomstva": "Коррекционные ОО"
      }
    },
    {
      "type": "Feature",
      "id": 28,
      "geometry": {
        "type": "Point",
        "coordinates": [
          54.823481,
          56.101945
        ]
      },
      "properties": {
        "name": "Уфимская коррекционная школа-интернат № 92 для обучающихся с ОВЗ",
        "address": "Р.Б., Р.Б, г. Уфа, ул. Дмитрия донского, д. 65",
        "website": "https://www.internat92.com/",
        "phone": "83472401230",
        "rehab_form": "",
        "age_group": "0-18",
        "accessibility": "да",
        "profile": "нарушения интеллекта",
        "services": "Получение начального общего\nосновного общего и\nсреднего общего образования\nПрофессиональная ориентация\nсоциальная адаптация\nПрофессиональное обучение и трудоустройство\nУслуги учителя-дефектолога\nпедагога-психолога\nлогопеда\nсоциального педагога\nАдаптивная физкультура",
        "specialists": "педагог - психолог\nучитель-логопед\nсоциальный педагог\nврач\nучитель - дефектолог",
        "specialnosti": "переплетчик, портной",
        "vedomstva": "Министерство просвещения Р.Б.",
        "podvedomstva": "Коррекционные ОО"
      }
    },
    {
      "type": "Feature",
      "id": 29,
      "geometry": {
        "type": "Point",
        "coordinates": [
          54.801654,
          56.129227
        ]
      },
      "properties": {
        "name": "Уфимская коррекционная школа-интернат №63 для обучающихся с ОВЗ",
        "address": "Р.Б., Р.Б, г. Уфа, ул. Суворова д. 4",
        "website": "https://shkola63.02edu.ru/",
        "phone": "83472876363",
        "rehab_form": "",
        "age_group": "0-18",
        "accessibility": "да",
        "profile": "нарушения интеллекта",
        "services": "Получение начального общего\nосновного общего и\nсреднего общего образования\nПрофессиональная ориентация\nсоциальная адаптация\nПрофессиональное обучение и трудоустройство\nУслуги учителя-дефектолога\nпедагога-психолога\nлогопеда\nАдаптивная физкультура\nРесурсная поддержка/консультирование педагогических работников образовательных организаций по вопросам коррекции и обучения\nродителей – по вопросам воспитания детей\nимеющих расстройства аутистического спектра\nв Республике Башкортостан",
        "specialists": "педагог - психолог\nучитель-логопед\nсоциальный педагог\nврач- педиатр\nучитель - дефектолог",
        "specialnosti": "переплетчик;\nсадовник",
        "vedomstva": "Министерство просвещения Р.Б.",
        "podvedomstva": "Коррекционные ОО"
      }
    },
    {
      "type": "Feature",
      "id": 30,
      "geometry": {
        "type": "Point",
        "coordinates": [
          54.707041,
          55.830915
        ]
      },
      "properties": {
        "name": "Уфимская коррекционная школа-интернат для глухих обучающихся",
        "address": "Р.Б., Р.Б, г. Уфа, ул. Мусоргского, д. 2",
        "website": "ufaschool1vida.ru",
        "phone": "83472812429",
        "rehab_form": "",
        "age_group": "0-18",
        "accessibility": "да",
        "profile": "нарушения слуха, задержка психического развития",
        "services": "Получение начального общего\nосновного общегообразования\nПрофессиональная ориентация\nсоциальная адаптация\nАдаптивная физкультура\nуслуги учителя- дефектолога\nсурдопедагога\nпедагога-сихолога",
        "specialists": "педагог-психолог\nучитель дефектолог\nучитель-сурдопедагог\nсоциальный педагог\nинструктор по адаптивной физической культуре\nврач-педиатр\nмедсестра",
        "specialnosti": "не ведется",
        "vedomstva": "Министерство просвещения Р.Б.",
        "podvedomstva": "Коррекционные ОО"
      }
    },
    {
      "type": "Feature",
      "id": 31,
      "geometry": {
        "type": "Point",
        "coordinates": [
          54.705574,
          56.002843
        ]
      },
      "properties": {
        "name": "Уфимская школа-интернат № 13 для обучающихся с НОДА",
        "address": "Р.Б., Р.Б, г. Уфа, ул. Батырская, д. 8/3",
        "website": "https://schoolinternat13.02edu.ru/",
        "phone": "83472552021",
        "rehab_form": "",
        "age_group": "0-18",
        "accessibility": "да",
        "profile": "Нарушения функций верхних\nнижних конечностей\nфункций опорно-двигательного аппарата\nвызывающее необходимость использования кресла-коляски",
        "services": "Получение начального общего\nосновного общего и\nсреднего общего образования\nПрофессиональная ориентация\nсоциальная адаптация\nУслуги учителя-дефектолога\nпедагога- психолога\nлогопеда\nЛФК\nмедицинский массаж\nфизиотерапия\nАдаптивная физкультура\nПриемы врача-педиатра\nфизиотерапевта\nортопеда\nневролога\nАрт-терапия и музыкотерапия\nхудожественный труд и лепка\nМоделирование и конструирование.\nРесурсная поддержка/консультирование педагогических работников образовательных организаций по вопросам коррекции и обучения\nродителей – по вопросам воспитания детей\nимеющих нарушение опорно-двигательного аппарата\nв Республике Башкортостан",
        "specialists": "врач-педиатр\nврач- невролог\nврач-физиотерапевт\nинструктор по адаптивной физкультуре\nмедицинская сестра  по физиотерапии\nмедицинская сестра по массажу\nмедицинский брат по массажу\nучитель- -дефектолог\nпедагог- психолог\nучитель-логопед\nсоциальный педагог",
        "specialnosti": "-",
        "vedomstva": "Министерство просвещения Р.Б.",
        "podvedomstva": "Коррекционные ОО"
      }
    },
    {
      "type": "Feature",
      "id": 32,
      "geometry": {
        "type": "Point",
        "coordinates": [
          54.820659,
          56.079506
        ]
      },
      "properties": {
        "name": "Уфимская школа-интернат № 59 для обучающихся с ОВЗ",
        "address": "Р.Б., Р.Б, г. Уфа, Шкаповский переул. Ок, д. 3",
        "website": "https://school59ufa.02edu.ru/",
        "phone": "83472405325",
        "rehab_form": "",
        "age_group": "0-18",
        "accessibility": "да",
        "profile": "нарушения интеллекта",
        "services": "Получение начального общего\nосновного общего и\nсреднего общего образования\nпрофессиональное обучение\nПрофессиональная ориентация\nсоциальная адаптация\nПрофессиональное обучение и трудоустройство\nАдаптивная физкультура\nУслуги учителя-дефектолога\nпедагога- психолога\nлогопеда\nРесурсная поддержка/консультирование педагогических работников образовательных организаций по вопросам коррекции и обучения\nродителей – по вопросам воспитания детей синдромом Дауна в Республике Башкортостан",
        "specialists": "врач- педиатр\nучитель - дефектолог\nпедагог - психолог\nучитель-логопед\nсоциальный педагог",
        "specialnosti": "портной, садовник, переплетчик",
        "vedomstva": "Министерство просвещения Р.Б.",
        "podvedomstva": "Коррекционные ОО"
      }
    },
    {
      "type": "Feature",
      "id": 33,
      "geometry": {
        "type": "Point",
        "coordinates": [
          54.720818,
          55.997885
        ]
      },
      "properties": {
        "name": "Уфимская школа-интернат №28 для слепых и слабовидящих обучающихся",
        "address": "Р.Б., Р.Б, г. Уфа, ул. Степана злобина, д. 1",
        "website": "https://si28ufa.02edu.ru/",
        "phone": "83472289422",
        "rehab_form": "",
        "age_group": "0-18",
        "accessibility": "да",
        "profile": "нарушение зрения (слепота и слабовидения), нарушения интеллекта",
        "services": "Получение начального общего\nосновного общего и\nсреднего общего образования\nПрофессиональная ориентация\nсоциальная адаптация\nЛФК\nфизиотерапия\nАдаптивная физкультура\nУслуги учителя-дефектолога\nпедагога-психолога\nлогопеда\nПриемы врача-педиатра\nРесурсная поддержка/консультирование педагогических работников образовательных организаций по вопросам коррекции и обучения\nродителей – по вопросам воспитания детей\nимеющих нарушение зрения\nв Республике Башкортостан",
        "specialists": "Врач-педиатр\nврач-отолоринголог\nврач- офтальмолог\nинструктор по адаптивной физкультуре\nмедицинская сестра\nпо физиотерапии\nучитель - дефектолог\nпедагог - психолог\nлогопед\nсоциальный педагог",
        "specialnosti": "",
        "vedomstva": "Министерство просвещения Р.Б.",
        "podvedomstva": "Коррекционные ОО"
      }
    },
    {
      "type": "Feature",
      "id": 34,
      "geometry": {
        "type": "Point",
        "coordinates": [
          54.806958,
          56.106814
        ]
      },
      "properties": {
        "name": "Уфимская школа-интернат №30 для глухих и слабослышащих обучающихся",
        "address": "Р.Б., Р.Б, г. Уфа, ул. Первомайская, д. 86А",
        "website": "https://ukshi30.02edu.ru/",
        "phone": "83472641102",
        "rehab_form": "",
        "age_group": "0-18",
        "accessibility": "да",
        "profile": "нарушения слуха (глухие, слбослышащие)",
        "services": "Получение начального общего\nосновного общего образования\nПрофессиональная ориентация\nсоциальная адаптация\nАдаптивная физкультура\nУслуги логопеда\nучителя-дефктолога\nпедагога-психолога",
        "specialists": "врач- педиатр\nучитель - дефектолог\nпедагог - психолог\nсоциальный педагог",
        "specialnosti": "",
        "vedomstva": "Министерство просвещения Р.Б.",
        "podvedomstva": "Коррекционные ОО"
      }
    },
    {
      "type": "Feature",
      "id": 35,
      "geometry": {
        "type": "Point",
        "coordinates": [
          54.313304,
          59.374724
        ]
      },
      "properties": {
        "name": "Учалинская коррекционная школа-интернат для обучающихся с ОВЗ",
        "address": "Р.Б., Р.Б, г. Учалы, ул. Муртазина, д. 38",
        "website": "https://gbouukshi.02edu.ru/",
        "phone": "83479120311",
        "rehab_form": "",
        "age_group": "0-18",
        "accessibility": "да",
        "profile": "нарушения интеллекта",
        "services": "Получение дошкольного\nначального общего\nосновного общего и\nсреднего общего образования\nПрофессиональная ориентация\nсоциальная адаптация\nПрофессиональное обучение и трудоустройство\nАдаптивная физкультура\nУслуги учителя-дефектолога\nпедагога- психолога\nлогопеда\nПрием врача-педиатра",
        "specialists": "Врач-педиатр\nучитель-дефектолог\nпедагог-психолог\nучитель-логопед\nсоциальный педагог",
        "specialnosti": "садовник",
        "vedomstva": "Министерство просвещения Р.Б.",
        "podvedomstva": "Коррекционные ОО"
      }
    },
    {
      "type": "Feature",
      "id": 36,
      "geometry": {
        "type": "Point",
        "coordinates": [
          56.270926,
          54.939768
        ]
      },
      "properties": {
        "name": "Янаульская коррекционная школа-интернат для обучающихся с ОВЗ",
        "address": "Р.Б., Р.Б, г. Янаул, ул. Советская, д. 18",
        "website": "https://yanschool.02edu.ru/",
        "phone": "83476054790",
        "rehab_form": "",
        "age_group": "0-18",
        "accessibility": "да",
        "profile": "нарушения интеллекта\nзадержка психического развития\nрасстройства аутистического спектра\nсиндром Дауна",
        "services": "Получение начального общего\nосновного общего образования\nПрофессиональная ориентация\nсоциальная адаптация\nФизиотерапия\nАдаптивная физкультура\nУслуги учителя-дефектолога\nпедагога-психолога\nлогопеда\nПриемы врача-педиатра\nРесурсная поддержка/консультирование педагогических работников образовательных организаций по вопросам коррекции и обучения\nродителей – по вопросам воспитания детей\nимеющих расстройства аутистического спектра\nв Республике Башкортостан",
        "specialists": "Врач- педиатр\nинструктор по лечебной физкультуре\nинструктор по адаптивной физкультуре\nмедицинская сестра  по физиотерапии\nмедицинская сестра по массажу\nучитель - дефектолог\nпедагог - психолог\nлогопед\nсоциальный педагог",
        "specialnosti": "",
        "vedomstva": "Министерство просвещения Р.Б.",
        "podvedomstva": "Коррекционные ОО"
      }
    },
    {
      "type": "Feature",
      "id": 37,
      "geometry": {
        "type": "Point",
        "coordinates": [
          54.70999,
          56.015941
        ]
      },
      "properties": {
        "name": "Республиканский центр дистанционного образования детей-инвалидов",
        "address": "Р.Б., Р.Б, г. Уфа, ул.Авроры 18/2",
        "website": "http://rcdo02.ru/",
        "phone": "83472001017",
        "rehab_form": "",
        "age_group": "0-18",
        "accessibility": "да",
        "profile": "Нарушения функций верхних\nнижних конечностей\nфункций опорно-двигательного аппарата\nвызывающее необходимость использования кресла-коляски\nзадержка психического развития",
        "services": "Получение начального общего\nосновного общего и\nсреднего общего образования\nПрофессиональная ориентация\nсоциальная адаптация\nАдаптивная физкультура\nУслуги логопеда\nучителя-дефктолога\nпедагога-психолога\nсоциального педагога",
        "specialists": "учитель - дефектолог\nпедагог - психолог\nучитель-логопед\nсоциальный педагог",
        "specialnosti": "-",
        "vedomstva": "Министерство просвещения Р.Б.",
        "podvedomstva": "Коррекционные ОО"
      }
    },
    {
      "type": "Feature",
      "id": 38,
      "geometry": {
        "type": "Point",
        "coordinates": [
          54.70999,
          56.015941
        ]
      },
      "properties": {
        "name": "ГАОУ ОЦ Йондоз",
        "address": "Р.Б., Р.Б, г. Уфа, ул.Авроры 18/3",
        "website": "https://yondoz.02edu.ru/",
        "phone": "83472860277",
        "rehab_form": "",
        "age_group": "0-18",
        "accessibility": "да",
        "profile": "Нарушения интеллекта\nзадержка психического развития\nрасстройства аутистического спектра\nсиндром Дауна",
        "services": "Получение начального общего\nосновного общего и\nсреднего общего образования\nПрофессиональная ориентация\nсоциальная адаптация. Адаптивная физическая культура\nУслуги логопеда\nучителя-дефктолога\nпедагога-психолога\nсоциального педагога\nДиагностика\nпроведение предпрофессиональных проб",
        "specialists": "Медсестра\nучитель-логопед\nсоциальный педагог\nпедагог-психолог\nучитель-дефектолог\nучитель адаптивной физической культуры\nпедагог по гончарному делу",
        "specialnosti": "",
        "vedomstva": "Министерство просвещения Р.Б.",
        "podvedomstva": "Коррекционные ОО"
      }
    },
    {
      "type": "Feature",
      "id": 39,
      "geometry": {
        "type": "Point",
        "coordinates": [
          54.800118,
          56.039369
        ]
      },
      "properties": {
        "name": "Уфимская санаторная школа-интернат №2",
        "address": "Р.Б., Р.Б, г. Уфа, проспект Октября, д. 153",
        "website": "http://xn--2-otb0ah0a.xn--p1ai/",
        "phone": "83472872743",
        "rehab_form": "",
        "age_group": "0-18",
        "accessibility": "да",
        "profile": "Нарушения функций дыхательной системы",
        "services": "Получение начального общего\nосновного общего образования\nФизиотерапия\nУслуги педагога-психолога\nлогопеда\nПриемы врача-педиатра\nврача-фтизиатра",
        "specialists": "Врач- педиатр\nврач-фтизиатр\nинструктор по\nфизкультуре\nмедицинская сестра  по физиотерапии\nмедицинская сестра\nпедагог - психолог\nучитель-логопед\nсоциальный педагог",
        "specialnosti": "нет",
        "vedomstva": "Министерство просвещения Р.Б.",
        "podvedomstva": "Коррекционные ОО"
      }
    },
    {
      "type": "Feature",
      "id": 40,
      "geometry": {
        "type": "Point",
        "coordinates": [
          53.987362,
          54.775331
        ]
      },
      "properties": {
        "name": "ГКОУ Шафрановская санаторная школа-интернат",
        "address": "Р.Б., Р.Б, Альшеевский район, с. Шафраново, ул. Октябрьская, д. 2",
        "website": "https://sanschool.02edu.ru/",
        "phone": "83475425208",
        "rehab_form": "",
        "age_group": "0-18",
        "accessibility": "да",
        "profile": "нарушения функций дыхательной системы",
        "services": "Получение начального общего\nосновного общего и\nсреднего общего образования\nприем врача-педиатра\nврача-фтизиатра\nфизиотерапия\nсодействие с получении общего образования\nформирование культурных компетенций\nобслуживание круглосуточного пребывания",
        "specialists": "врач-педиатр\nмедсестра\nмедсестра физиотерапевтического кабинета\nсоциальный педагог",
        "specialnosti": "нет",
        "vedomstva": "Министерство просвещения Р.Б.",
        "podvedomstva": "Коррекционные ОО"
      }
    }
  ]
}